"","idx","type","spl"
"1",181,"test",1
"2",3,"test",1
"3",371,"test",1
"4",49,"test",1
"5",159,"test",1
"6",328,"test",1
"7",85,"test",1
"8",63,"test",1
"9",172,"test",1
"10",21,"test",1
"11",281,"test",1
"12",144,"test",1
"13",39,"test",1
"14",251,"test",1
"15",158,"test",1
"16",154,"test",1
"17",36,"test",1
"18",397,"test",1
"19",374,"test",1
"20",65,"test",1
"21",340,"test",1
"22",190,"test",1
"23",404,"test",1
"24",54,"test",1
"25",25,"test",1
"26",347,"test",1
"27",17,"test",1
"28",66,"test",1
"29",229,"test",1
"30",82,"test",1
"31",257,"test",1
"32",33,"test",1
"33",358,"test",1
"34",342,"test",1
"35",189,"test",1
"36",392,"test",1
"37",134,"test",1
"38",315,"test",1
"39",334,"test",1
"40",316,"test",1
"41",369,"test",1
"42",295,"val",1
"43",228,"val",1
"44",64,"val",1
"45",127,"val",1
"46",291,"val",1
"47",55,"val",1
"48",155,"val",1
"49",304,"val",1
"50",215,"val",1
"51",78,"val",1
"52",379,"val",1
"53",313,"val",1
"54",167,"val",1
"55",6,"val",1
"56",274,"val",1
"57",332,"val",1
"58",37,"val",1
"59",283,"val",1
"60",275,"val",1
"61",22,"val",1
"62",256,"val",1
"63",79,"val",1
"64",20,"val",1
"65",260,"val",1
"66",69,"val",1
"67",42,"val",1
"68",133,"val",1
"69",343,"val",1
"70",368,"val",1
"71",327,"val",1
"72",52,"val",1
"73",398,"val",1
"74",188,"val",1
"75",237,"val",1
"76",336,"val",1
"77",47,"val",1
"78",202,"val",1
"79",90,"val",1
"80",179,"val",1
"81",206,"val",1
"82",198,"val",1
"83",1,"train",1
"84",2,"train",1
"85",4,"train",1
"86",5,"train",1
"87",7,"train",1
"88",8,"train",1
"89",9,"train",1
"90",10,"train",1
"91",11,"train",1
"92",12,"train",1
"93",13,"train",1
"94",14,"train",1
"95",15,"train",1
"96",16,"train",1
"97",18,"train",1
"98",19,"train",1
"99",23,"train",1
"100",24,"train",1
"101",26,"train",1
"102",27,"train",1
"103",28,"train",1
"104",29,"train",1
"105",30,"train",1
"106",31,"train",1
"107",32,"train",1
"108",34,"train",1
"109",35,"train",1
"110",38,"train",1
"111",40,"train",1
"112",41,"train",1
"113",43,"train",1
"114",44,"train",1
"115",45,"train",1
"116",46,"train",1
"117",48,"train",1
"118",50,"train",1
"119",51,"train",1
"120",53,"train",1
"121",56,"train",1
"122",57,"train",1
"123",58,"train",1
"124",59,"train",1
"125",60,"train",1
"126",61,"train",1
"127",62,"train",1
"128",67,"train",1
"129",68,"train",1
"130",70,"train",1
"131",71,"train",1
"132",72,"train",1
"133",73,"train",1
"134",74,"train",1
"135",75,"train",1
"136",76,"train",1
"137",77,"train",1
"138",80,"train",1
"139",81,"train",1
"140",83,"train",1
"141",84,"train",1
"142",86,"train",1
"143",87,"train",1
"144",88,"train",1
"145",89,"train",1
"146",91,"train",1
"147",92,"train",1
"148",93,"train",1
"149",94,"train",1
"150",95,"train",1
"151",96,"train",1
"152",97,"train",1
"153",98,"train",1
"154",99,"train",1
"155",100,"train",1
"156",101,"train",1
"157",102,"train",1
"158",103,"train",1
"159",104,"train",1
"160",105,"train",1
"161",106,"train",1
"162",107,"train",1
"163",108,"train",1
"164",109,"train",1
"165",110,"train",1
"166",111,"train",1
"167",112,"train",1
"168",113,"train",1
"169",114,"train",1
"170",115,"train",1
"171",116,"train",1
"172",117,"train",1
"173",118,"train",1
"174",119,"train",1
"175",120,"train",1
"176",121,"train",1
"177",122,"train",1
"178",123,"train",1
"179",124,"train",1
"180",125,"train",1
"181",126,"train",1
"182",128,"train",1
"183",129,"train",1
"184",130,"train",1
"185",131,"train",1
"186",132,"train",1
"187",135,"train",1
"188",136,"train",1
"189",137,"train",1
"190",138,"train",1
"191",139,"train",1
"192",140,"train",1
"193",141,"train",1
"194",142,"train",1
"195",143,"train",1
"196",145,"train",1
"197",146,"train",1
"198",147,"train",1
"199",148,"train",1
"200",149,"train",1
"201",150,"train",1
"202",151,"train",1
"203",152,"train",1
"204",153,"train",1
"205",156,"train",1
"206",157,"train",1
"207",160,"train",1
"208",161,"train",1
"209",162,"train",1
"210",163,"train",1
"211",164,"train",1
"212",165,"train",1
"213",166,"train",1
"214",168,"train",1
"215",169,"train",1
"216",170,"train",1
"217",171,"train",1
"218",173,"train",1
"219",174,"train",1
"220",175,"train",1
"221",176,"train",1
"222",177,"train",1
"223",178,"train",1
"224",180,"train",1
"225",182,"train",1
"226",183,"train",1
"227",184,"train",1
"228",185,"train",1
"229",186,"train",1
"230",187,"train",1
"231",191,"train",1
"232",192,"train",1
"233",193,"train",1
"234",194,"train",1
"235",195,"train",1
"236",196,"train",1
"237",197,"train",1
"238",199,"train",1
"239",200,"train",1
"240",201,"train",1
"241",203,"train",1
"242",204,"train",1
"243",205,"train",1
"244",207,"train",1
"245",208,"train",1
"246",209,"train",1
"247",210,"train",1
"248",211,"train",1
"249",212,"train",1
"250",213,"train",1
"251",214,"train",1
"252",216,"train",1
"253",217,"train",1
"254",218,"train",1
"255",219,"train",1
"256",220,"train",1
"257",221,"train",1
"258",222,"train",1
"259",223,"train",1
"260",224,"train",1
"261",225,"train",1
"262",226,"train",1
"263",227,"train",1
"264",230,"train",1
"265",231,"train",1
"266",232,"train",1
"267",233,"train",1
"268",234,"train",1
"269",235,"train",1
"270",236,"train",1
"271",238,"train",1
"272",239,"train",1
"273",240,"train",1
"274",241,"train",1
"275",242,"train",1
"276",243,"train",1
"277",244,"train",1
"278",245,"train",1
"279",246,"train",1
"280",247,"train",1
"281",248,"train",1
"282",249,"train",1
"283",250,"train",1
"284",252,"train",1
"285",253,"train",1
"286",254,"train",1
"287",255,"train",1
"288",258,"train",1
"289",259,"train",1
"290",261,"train",1
"291",262,"train",1
"292",263,"train",1
"293",264,"train",1
"294",265,"train",1
"295",266,"train",1
"296",267,"train",1
"297",268,"train",1
"298",269,"train",1
"299",270,"train",1
"300",271,"train",1
"301",272,"train",1
"302",273,"train",1
"303",276,"train",1
"304",277,"train",1
"305",278,"train",1
"306",279,"train",1
"307",280,"train",1
"308",282,"train",1
"309",284,"train",1
"310",285,"train",1
"311",286,"train",1
"312",287,"train",1
"313",288,"train",1
"314",289,"train",1
"315",290,"train",1
"316",292,"train",1
"317",293,"train",1
"318",294,"train",1
"319",296,"train",1
"320",297,"train",1
"321",298,"train",1
"322",299,"train",1
"323",300,"train",1
"324",301,"train",1
"325",302,"train",1
"326",303,"train",1
"327",305,"train",1
"328",306,"train",1
"329",307,"train",1
"330",308,"train",1
"331",309,"train",1
"332",310,"train",1
"333",311,"train",1
"334",312,"train",1
"335",314,"train",1
"336",317,"train",1
"337",318,"train",1
"338",319,"train",1
"339",320,"train",1
"340",321,"train",1
"341",322,"train",1
"342",323,"train",1
"343",324,"train",1
"344",325,"train",1
"345",326,"train",1
"346",329,"train",1
"347",330,"train",1
"348",331,"train",1
"349",333,"train",1
"350",335,"train",1
"351",337,"train",1
"352",338,"train",1
"353",339,"train",1
"354",341,"train",1
"355",344,"train",1
"356",345,"train",1
"357",346,"train",1
"358",348,"train",1
"359",349,"train",1
"360",350,"train",1
"361",351,"train",1
"362",352,"train",1
"363",353,"train",1
"364",354,"train",1
"365",355,"train",1
"366",356,"train",1
"367",357,"train",1
"368",359,"train",1
"369",360,"train",1
"370",361,"train",1
"371",362,"train",1
"372",363,"train",1
"373",364,"train",1
"374",365,"train",1
"375",366,"train",1
"376",367,"train",1
"377",370,"train",1
"378",372,"train",1
"379",373,"train",1
"380",375,"train",1
"381",376,"train",1
"382",377,"train",1
"383",378,"train",1
"384",380,"train",1
"385",381,"train",1
"386",382,"train",1
"387",383,"train",1
"388",384,"train",1
"389",385,"train",1
"390",386,"train",1
"391",387,"train",1
"392",388,"train",1
"393",389,"train",1
"394",390,"train",1
"395",391,"train",1
"396",393,"train",1
"397",394,"train",1
"398",395,"train",1
"399",396,"train",1
"400",399,"train",1
"401",400,"train",1
"402",401,"train",1
"403",402,"train",1
"404",403,"train",1
"405",405,"train",1
"406",406,"train",1
"407",407,"train",1
"408",88,"test",2
"409",259,"test",2
"410",361,"test",2
"411",376,"test",2
"412",316,"test",2
"413",363,"test",2
"414",196,"test",2
"415",62,"test",2
"416",200,"test",2
"417",136,"test",2
"418",252,"test",2
"419",391,"test",2
"420",107,"test",2
"421",264,"test",2
"422",176,"test",2
"423",381,"test",2
"424",283,"test",2
"425",113,"test",2
"426",172,"test",2
"427",170,"test",2
"428",307,"test",2
"429",243,"test",2
"430",43,"test",2
"431",245,"test",2
"432",232,"test",2
"433",212,"test",2
"434",133,"test",2
"435",349,"test",2
"436",253,"test",2
"437",301,"test",2
"438",181,"test",2
"439",168,"test",2
"440",398,"test",2
"441",137,"test",2
"442",206,"test",2
"443",132,"test",2
"444",117,"test",2
"445",100,"test",2
"446",373,"test",2
"447",305,"test",2
"448",188,"test",2
"449",382,"val",2
"450",162,"val",2
"451",190,"val",2
"452",348,"val",2
"453",404,"val",2
"454",392,"val",2
"455",5,"val",2
"456",342,"val",2
"457",154,"val",2
"458",146,"val",2
"459",334,"val",2
"460",244,"val",2
"461",386,"val",2
"462",282,"val",2
"463",393,"val",2
"464",234,"val",2
"465",322,"val",2
"466",171,"val",2
"467",129,"val",2
"468",102,"val",2
"469",318,"val",2
"470",189,"val",2
"471",293,"val",2
"472",250,"val",2
"473",64,"val",2
"474",332,"val",2
"475",9,"val",2
"476",242,"val",2
"477",149,"val",2
"478",254,"val",2
"479",80,"val",2
"480",224,"val",2
"481",308,"val",2
"482",57,"val",2
"483",60,"val",2
"484",1,"val",2
"485",20,"val",2
"486",286,"val",2
"487",267,"val",2
"488",289,"val",2
"489",120,"val",2
"490",2,"train",2
"491",3,"train",2
"492",4,"train",2
"493",6,"train",2
"494",7,"train",2
"495",8,"train",2
"496",10,"train",2
"497",11,"train",2
"498",12,"train",2
"499",13,"train",2
"500",14,"train",2
"501",15,"train",2
"502",16,"train",2
"503",17,"train",2
"504",18,"train",2
"505",19,"train",2
"506",21,"train",2
"507",22,"train",2
"508",23,"train",2
"509",24,"train",2
"510",25,"train",2
"511",26,"train",2
"512",27,"train",2
"513",28,"train",2
"514",29,"train",2
"515",30,"train",2
"516",31,"train",2
"517",32,"train",2
"518",33,"train",2
"519",34,"train",2
"520",35,"train",2
"521",36,"train",2
"522",37,"train",2
"523",38,"train",2
"524",39,"train",2
"525",40,"train",2
"526",41,"train",2
"527",42,"train",2
"528",44,"train",2
"529",45,"train",2
"530",46,"train",2
"531",47,"train",2
"532",48,"train",2
"533",49,"train",2
"534",50,"train",2
"535",51,"train",2
"536",52,"train",2
"537",53,"train",2
"538",54,"train",2
"539",55,"train",2
"540",56,"train",2
"541",58,"train",2
"542",59,"train",2
"543",61,"train",2
"544",63,"train",2
"545",65,"train",2
"546",66,"train",2
"547",67,"train",2
"548",68,"train",2
"549",69,"train",2
"550",70,"train",2
"551",71,"train",2
"552",72,"train",2
"553",73,"train",2
"554",74,"train",2
"555",75,"train",2
"556",76,"train",2
"557",77,"train",2
"558",78,"train",2
"559",79,"train",2
"560",81,"train",2
"561",82,"train",2
"562",83,"train",2
"563",84,"train",2
"564",85,"train",2
"565",86,"train",2
"566",87,"train",2
"567",89,"train",2
"568",90,"train",2
"569",91,"train",2
"570",92,"train",2
"571",93,"train",2
"572",94,"train",2
"573",95,"train",2
"574",96,"train",2
"575",97,"train",2
"576",98,"train",2
"577",99,"train",2
"578",101,"train",2
"579",103,"train",2
"580",104,"train",2
"581",105,"train",2
"582",106,"train",2
"583",108,"train",2
"584",109,"train",2
"585",110,"train",2
"586",111,"train",2
"587",112,"train",2
"588",114,"train",2
"589",115,"train",2
"590",116,"train",2
"591",118,"train",2
"592",119,"train",2
"593",121,"train",2
"594",122,"train",2
"595",123,"train",2
"596",124,"train",2
"597",125,"train",2
"598",126,"train",2
"599",127,"train",2
"600",128,"train",2
"601",130,"train",2
"602",131,"train",2
"603",134,"train",2
"604",135,"train",2
"605",138,"train",2
"606",139,"train",2
"607",140,"train",2
"608",141,"train",2
"609",142,"train",2
"610",143,"train",2
"611",144,"train",2
"612",145,"train",2
"613",147,"train",2
"614",148,"train",2
"615",150,"train",2
"616",151,"train",2
"617",152,"train",2
"618",153,"train",2
"619",155,"train",2
"620",156,"train",2
"621",157,"train",2
"622",158,"train",2
"623",159,"train",2
"624",160,"train",2
"625",161,"train",2
"626",163,"train",2
"627",164,"train",2
"628",165,"train",2
"629",166,"train",2
"630",167,"train",2
"631",169,"train",2
"632",173,"train",2
"633",174,"train",2
"634",175,"train",2
"635",177,"train",2
"636",178,"train",2
"637",179,"train",2
"638",180,"train",2
"639",182,"train",2
"640",183,"train",2
"641",184,"train",2
"642",185,"train",2
"643",186,"train",2
"644",187,"train",2
"645",191,"train",2
"646",192,"train",2
"647",193,"train",2
"648",194,"train",2
"649",195,"train",2
"650",197,"train",2
"651",198,"train",2
"652",199,"train",2
"653",201,"train",2
"654",202,"train",2
"655",203,"train",2
"656",204,"train",2
"657",205,"train",2
"658",207,"train",2
"659",208,"train",2
"660",209,"train",2
"661",210,"train",2
"662",211,"train",2
"663",213,"train",2
"664",214,"train",2
"665",215,"train",2
"666",216,"train",2
"667",217,"train",2
"668",218,"train",2
"669",219,"train",2
"670",220,"train",2
"671",221,"train",2
"672",222,"train",2
"673",223,"train",2
"674",225,"train",2
"675",226,"train",2
"676",227,"train",2
"677",228,"train",2
"678",229,"train",2
"679",230,"train",2
"680",231,"train",2
"681",233,"train",2
"682",235,"train",2
"683",236,"train",2
"684",237,"train",2
"685",238,"train",2
"686",239,"train",2
"687",240,"train",2
"688",241,"train",2
"689",246,"train",2
"690",247,"train",2
"691",248,"train",2
"692",249,"train",2
"693",251,"train",2
"694",255,"train",2
"695",256,"train",2
"696",257,"train",2
"697",258,"train",2
"698",260,"train",2
"699",261,"train",2
"700",262,"train",2
"701",263,"train",2
"702",265,"train",2
"703",266,"train",2
"704",268,"train",2
"705",269,"train",2
"706",270,"train",2
"707",271,"train",2
"708",272,"train",2
"709",273,"train",2
"710",274,"train",2
"711",275,"train",2
"712",276,"train",2
"713",277,"train",2
"714",278,"train",2
"715",279,"train",2
"716",280,"train",2
"717",281,"train",2
"718",284,"train",2
"719",285,"train",2
"720",287,"train",2
"721",288,"train",2
"722",290,"train",2
"723",291,"train",2
"724",292,"train",2
"725",294,"train",2
"726",295,"train",2
"727",296,"train",2
"728",297,"train",2
"729",298,"train",2
"730",299,"train",2
"731",300,"train",2
"732",302,"train",2
"733",303,"train",2
"734",304,"train",2
"735",306,"train",2
"736",309,"train",2
"737",310,"train",2
"738",311,"train",2
"739",312,"train",2
"740",313,"train",2
"741",314,"train",2
"742",315,"train",2
"743",317,"train",2
"744",319,"train",2
"745",320,"train",2
"746",321,"train",2
"747",323,"train",2
"748",324,"train",2
"749",325,"train",2
"750",326,"train",2
"751",327,"train",2
"752",328,"train",2
"753",329,"train",2
"754",330,"train",2
"755",331,"train",2
"756",333,"train",2
"757",335,"train",2
"758",336,"train",2
"759",337,"train",2
"760",338,"train",2
"761",339,"train",2
"762",340,"train",2
"763",341,"train",2
"764",343,"train",2
"765",344,"train",2
"766",345,"train",2
"767",346,"train",2
"768",347,"train",2
"769",350,"train",2
"770",351,"train",2
"771",352,"train",2
"772",353,"train",2
"773",354,"train",2
"774",355,"train",2
"775",356,"train",2
"776",357,"train",2
"777",358,"train",2
"778",359,"train",2
"779",360,"train",2
"780",362,"train",2
"781",364,"train",2
"782",365,"train",2
"783",366,"train",2
"784",367,"train",2
"785",368,"train",2
"786",369,"train",2
"787",370,"train",2
"788",371,"train",2
"789",372,"train",2
"790",374,"train",2
"791",375,"train",2
"792",377,"train",2
"793",378,"train",2
"794",379,"train",2
"795",380,"train",2
"796",383,"train",2
"797",384,"train",2
"798",385,"train",2
"799",387,"train",2
"800",388,"train",2
"801",389,"train",2
"802",390,"train",2
"803",394,"train",2
"804",395,"train",2
"805",396,"train",2
"806",397,"train",2
"807",399,"train",2
"808",400,"train",2
"809",401,"train",2
"810",402,"train",2
"811",403,"train",2
"812",405,"train",2
"813",406,"train",2
"814",407,"train",2
"815",350,"test",3
"816",181,"test",3
"817",279,"test",3
"818",117,"test",3
"819",249,"test",3
"820",157,"test",3
"821",382,"test",3
"822",39,"test",3
"823",73,"test",3
"824",386,"test",3
"825",184,"test",3
"826",215,"test",3
"827",13,"test",3
"828",266,"test",3
"829",288,"test",3
"830",295,"test",3
"831",221,"test",3
"832",344,"test",3
"833",11,"test",3
"834",231,"test",3
"835",355,"test",3
"836",111,"test",3
"837",91,"test",3
"838",298,"test",3
"839",261,"test",3
"840",121,"test",3
"841",365,"test",3
"842",385,"test",3
"843",268,"test",3
"844",87,"test",3
"845",75,"test",3
"846",340,"test",3
"847",219,"test",3
"848",90,"test",3
"849",143,"test",3
"850",130,"test",3
"851",318,"test",3
"852",114,"test",3
"853",134,"test",3
"854",260,"test",3
"855",246,"test",3
"856",267,"val",3
"857",191,"val",3
"858",77,"val",3
"859",204,"val",3
"860",62,"val",3
"861",296,"val",3
"862",123,"val",3
"863",259,"val",3
"864",142,"val",3
"865",174,"val",3
"866",158,"val",3
"867",315,"val",3
"868",207,"val",3
"869",163,"val",3
"870",66,"val",3
"871",89,"val",3
"872",210,"val",3
"873",304,"val",3
"874",168,"val",3
"875",18,"val",3
"876",108,"val",3
"877",122,"val",3
"878",387,"val",3
"879",9,"val",3
"880",281,"val",3
"881",106,"val",3
"882",57,"val",3
"883",243,"val",3
"884",43,"val",3
"885",25,"val",3
"886",21,"val",3
"887",176,"val",3
"888",69,"val",3
"889",72,"val",3
"890",358,"val",3
"891",345,"val",3
"892",120,"val",3
"893",271,"val",3
"894",175,"val",3
"895",303,"val",3
"896",194,"val",3
"897",1,"train",3
"898",2,"train",3
"899",3,"train",3
"900",4,"train",3
"901",5,"train",3
"902",6,"train",3
"903",7,"train",3
"904",8,"train",3
"905",10,"train",3
"906",12,"train",3
"907",14,"train",3
"908",15,"train",3
"909",16,"train",3
"910",17,"train",3
"911",19,"train",3
"912",20,"train",3
"913",22,"train",3
"914",23,"train",3
"915",24,"train",3
"916",26,"train",3
"917",27,"train",3
"918",28,"train",3
"919",29,"train",3
"920",30,"train",3
"921",31,"train",3
"922",32,"train",3
"923",33,"train",3
"924",34,"train",3
"925",35,"train",3
"926",36,"train",3
"927",37,"train",3
"928",38,"train",3
"929",40,"train",3
"930",41,"train",3
"931",42,"train",3
"932",44,"train",3
"933",45,"train",3
"934",46,"train",3
"935",47,"train",3
"936",48,"train",3
"937",49,"train",3
"938",50,"train",3
"939",51,"train",3
"940",52,"train",3
"941",53,"train",3
"942",54,"train",3
"943",55,"train",3
"944",56,"train",3
"945",58,"train",3
"946",59,"train",3
"947",60,"train",3
"948",61,"train",3
"949",63,"train",3
"950",64,"train",3
"951",65,"train",3
"952",67,"train",3
"953",68,"train",3
"954",70,"train",3
"955",71,"train",3
"956",74,"train",3
"957",76,"train",3
"958",78,"train",3
"959",79,"train",3
"960",80,"train",3
"961",81,"train",3
"962",82,"train",3
"963",83,"train",3
"964",84,"train",3
"965",85,"train",3
"966",86,"train",3
"967",88,"train",3
"968",92,"train",3
"969",93,"train",3
"970",94,"train",3
"971",95,"train",3
"972",96,"train",3
"973",97,"train",3
"974",98,"train",3
"975",99,"train",3
"976",100,"train",3
"977",101,"train",3
"978",102,"train",3
"979",103,"train",3
"980",104,"train",3
"981",105,"train",3
"982",107,"train",3
"983",109,"train",3
"984",110,"train",3
"985",112,"train",3
"986",113,"train",3
"987",115,"train",3
"988",116,"train",3
"989",118,"train",3
"990",119,"train",3
"991",124,"train",3
"992",125,"train",3
"993",126,"train",3
"994",127,"train",3
"995",128,"train",3
"996",129,"train",3
"997",131,"train",3
"998",132,"train",3
"999",133,"train",3
"1000",135,"train",3
"1001",136,"train",3
"1002",137,"train",3
"1003",138,"train",3
"1004",139,"train",3
"1005",140,"train",3
"1006",141,"train",3
"1007",144,"train",3
"1008",145,"train",3
"1009",146,"train",3
"1010",147,"train",3
"1011",148,"train",3
"1012",149,"train",3
"1013",150,"train",3
"1014",151,"train",3
"1015",152,"train",3
"1016",153,"train",3
"1017",154,"train",3
"1018",155,"train",3
"1019",156,"train",3
"1020",159,"train",3
"1021",160,"train",3
"1022",161,"train",3
"1023",162,"train",3
"1024",164,"train",3
"1025",165,"train",3
"1026",166,"train",3
"1027",167,"train",3
"1028",169,"train",3
"1029",170,"train",3
"1030",171,"train",3
"1031",172,"train",3
"1032",173,"train",3
"1033",177,"train",3
"1034",178,"train",3
"1035",179,"train",3
"1036",180,"train",3
"1037",182,"train",3
"1038",183,"train",3
"1039",185,"train",3
"1040",186,"train",3
"1041",187,"train",3
"1042",188,"train",3
"1043",189,"train",3
"1044",190,"train",3
"1045",192,"train",3
"1046",193,"train",3
"1047",195,"train",3
"1048",196,"train",3
"1049",197,"train",3
"1050",198,"train",3
"1051",199,"train",3
"1052",200,"train",3
"1053",201,"train",3
"1054",202,"train",3
"1055",203,"train",3
"1056",205,"train",3
"1057",206,"train",3
"1058",208,"train",3
"1059",209,"train",3
"1060",211,"train",3
"1061",212,"train",3
"1062",213,"train",3
"1063",214,"train",3
"1064",216,"train",3
"1065",217,"train",3
"1066",218,"train",3
"1067",220,"train",3
"1068",222,"train",3
"1069",223,"train",3
"1070",224,"train",3
"1071",225,"train",3
"1072",226,"train",3
"1073",227,"train",3
"1074",228,"train",3
"1075",229,"train",3
"1076",230,"train",3
"1077",232,"train",3
"1078",233,"train",3
"1079",234,"train",3
"1080",235,"train",3
"1081",236,"train",3
"1082",237,"train",3
"1083",238,"train",3
"1084",239,"train",3
"1085",240,"train",3
"1086",241,"train",3
"1087",242,"train",3
"1088",244,"train",3
"1089",245,"train",3
"1090",247,"train",3
"1091",248,"train",3
"1092",250,"train",3
"1093",251,"train",3
"1094",252,"train",3
"1095",253,"train",3
"1096",254,"train",3
"1097",255,"train",3
"1098",256,"train",3
"1099",257,"train",3
"1100",258,"train",3
"1101",262,"train",3
"1102",263,"train",3
"1103",264,"train",3
"1104",265,"train",3
"1105",269,"train",3
"1106",270,"train",3
"1107",272,"train",3
"1108",273,"train",3
"1109",274,"train",3
"1110",275,"train",3
"1111",276,"train",3
"1112",277,"train",3
"1113",278,"train",3
"1114",280,"train",3
"1115",282,"train",3
"1116",283,"train",3
"1117",284,"train",3
"1118",285,"train",3
"1119",286,"train",3
"1120",287,"train",3
"1121",289,"train",3
"1122",290,"train",3
"1123",291,"train",3
"1124",292,"train",3
"1125",293,"train",3
"1126",294,"train",3
"1127",297,"train",3
"1128",299,"train",3
"1129",300,"train",3
"1130",301,"train",3
"1131",302,"train",3
"1132",305,"train",3
"1133",306,"train",3
"1134",307,"train",3
"1135",308,"train",3
"1136",309,"train",3
"1137",310,"train",3
"1138",311,"train",3
"1139",312,"train",3
"1140",313,"train",3
"1141",314,"train",3
"1142",316,"train",3
"1143",317,"train",3
"1144",319,"train",3
"1145",320,"train",3
"1146",321,"train",3
"1147",322,"train",3
"1148",323,"train",3
"1149",324,"train",3
"1150",325,"train",3
"1151",326,"train",3
"1152",327,"train",3
"1153",328,"train",3
"1154",329,"train",3
"1155",330,"train",3
"1156",331,"train",3
"1157",332,"train",3
"1158",333,"train",3
"1159",334,"train",3
"1160",335,"train",3
"1161",336,"train",3
"1162",337,"train",3
"1163",338,"train",3
"1164",339,"train",3
"1165",341,"train",3
"1166",342,"train",3
"1167",343,"train",3
"1168",346,"train",3
"1169",347,"train",3
"1170",348,"train",3
"1171",349,"train",3
"1172",351,"train",3
"1173",352,"train",3
"1174",353,"train",3
"1175",354,"train",3
"1176",356,"train",3
"1177",357,"train",3
"1178",359,"train",3
"1179",360,"train",3
"1180",361,"train",3
"1181",362,"train",3
"1182",363,"train",3
"1183",364,"train",3
"1184",366,"train",3
"1185",367,"train",3
"1186",368,"train",3
"1187",369,"train",3
"1188",370,"train",3
"1189",371,"train",3
"1190",372,"train",3
"1191",373,"train",3
"1192",374,"train",3
"1193",375,"train",3
"1194",376,"train",3
"1195",377,"train",3
"1196",378,"train",3
"1197",379,"train",3
"1198",380,"train",3
"1199",381,"train",3
"1200",383,"train",3
"1201",384,"train",3
"1202",388,"train",3
"1203",389,"train",3
"1204",390,"train",3
"1205",391,"train",3
"1206",392,"train",3
"1207",393,"train",3
"1208",394,"train",3
"1209",395,"train",3
"1210",396,"train",3
"1211",397,"train",3
"1212",398,"train",3
"1213",399,"train",3
"1214",400,"train",3
"1215",401,"train",3
"1216",402,"train",3
"1217",403,"train",3
"1218",404,"train",3
"1219",405,"train",3
"1220",406,"train",3
"1221",407,"train",3
"1222",169,"test",4
"1223",336,"test",4
"1224",403,"test",4
"1225",9,"test",4
"1226",143,"test",4
"1227",252,"test",4
"1228",66,"test",4
"1229",322,"test",4
"1230",247,"test",4
"1231",353,"test",4
"1232",220,"test",4
"1233",377,"test",4
"1234",153,"test",4
"1235",316,"test",4
"1236",116,"test",4
"1237",80,"test",4
"1238",216,"test",4
"1239",154,"test",4
"1240",42,"test",4
"1241",19,"test",4
"1242",375,"test",4
"1243",333,"test",4
"1244",382,"test",4
"1245",92,"test",4
"1246",137,"test",4
"1247",327,"test",4
"1248",233,"test",4
"1249",41,"test",4
"1250",57,"test",4
"1251",256,"test",4
"1252",215,"test",4
"1253",275,"test",4
"1254",100,"test",4
"1255",329,"test",4
"1256",164,"test",4
"1257",7,"test",4
"1258",50,"test",4
"1259",73,"test",4
"1260",40,"test",4
"1261",326,"test",4
"1262",379,"test",4
"1263",144,"val",4
"1264",347,"val",4
"1265",107,"val",4
"1266",320,"val",4
"1267",208,"val",4
"1268",48,"val",4
"1269",156,"val",4
"1270",129,"val",4
"1271",289,"val",4
"1272",386,"val",4
"1273",51,"val",4
"1274",109,"val",4
"1275",148,"val",4
"1276",260,"val",4
"1277",77,"val",4
"1278",191,"val",4
"1279",241,"val",4
"1280",378,"val",4
"1281",11,"val",4
"1282",67,"val",4
"1283",263,"val",4
"1284",299,"val",4
"1285",60,"val",4
"1286",90,"val",4
"1287",321,"val",4
"1288",366,"val",4
"1289",179,"val",4
"1290",105,"val",4
"1291",392,"val",4
"1292",138,"val",4
"1293",331,"val",4
"1294",139,"val",4
"1295",10,"val",4
"1296",31,"val",4
"1297",287,"val",4
"1298",350,"val",4
"1299",398,"val",4
"1300",294,"val",4
"1301",193,"val",4
"1302",178,"val",4
"1303",325,"val",4
"1304",1,"train",4
"1305",2,"train",4
"1306",3,"train",4
"1307",4,"train",4
"1308",5,"train",4
"1309",6,"train",4
"1310",8,"train",4
"1311",12,"train",4
"1312",13,"train",4
"1313",14,"train",4
"1314",15,"train",4
"1315",16,"train",4
"1316",17,"train",4
"1317",18,"train",4
"1318",20,"train",4
"1319",21,"train",4
"1320",22,"train",4
"1321",23,"train",4
"1322",24,"train",4
"1323",25,"train",4
"1324",26,"train",4
"1325",27,"train",4
"1326",28,"train",4
"1327",29,"train",4
"1328",30,"train",4
"1329",32,"train",4
"1330",33,"train",4
"1331",34,"train",4
"1332",35,"train",4
"1333",36,"train",4
"1334",37,"train",4
"1335",38,"train",4
"1336",39,"train",4
"1337",43,"train",4
"1338",44,"train",4
"1339",45,"train",4
"1340",46,"train",4
"1341",47,"train",4
"1342",49,"train",4
"1343",52,"train",4
"1344",53,"train",4
"1345",54,"train",4
"1346",55,"train",4
"1347",56,"train",4
"1348",58,"train",4
"1349",59,"train",4
"1350",61,"train",4
"1351",62,"train",4
"1352",63,"train",4
"1353",64,"train",4
"1354",65,"train",4
"1355",68,"train",4
"1356",69,"train",4
"1357",70,"train",4
"1358",71,"train",4
"1359",72,"train",4
"1360",74,"train",4
"1361",75,"train",4
"1362",76,"train",4
"1363",78,"train",4
"1364",79,"train",4
"1365",81,"train",4
"1366",82,"train",4
"1367",83,"train",4
"1368",84,"train",4
"1369",85,"train",4
"1370",86,"train",4
"1371",87,"train",4
"1372",88,"train",4
"1373",89,"train",4
"1374",91,"train",4
"1375",93,"train",4
"1376",94,"train",4
"1377",95,"train",4
"1378",96,"train",4
"1379",97,"train",4
"1380",98,"train",4
"1381",99,"train",4
"1382",101,"train",4
"1383",102,"train",4
"1384",103,"train",4
"1385",104,"train",4
"1386",106,"train",4
"1387",108,"train",4
"1388",110,"train",4
"1389",111,"train",4
"1390",112,"train",4
"1391",113,"train",4
"1392",114,"train",4
"1393",115,"train",4
"1394",117,"train",4
"1395",118,"train",4
"1396",119,"train",4
"1397",120,"train",4
"1398",121,"train",4
"1399",122,"train",4
"1400",123,"train",4
"1401",124,"train",4
"1402",125,"train",4
"1403",126,"train",4
"1404",127,"train",4
"1405",128,"train",4
"1406",130,"train",4
"1407",131,"train",4
"1408",132,"train",4
"1409",133,"train",4
"1410",134,"train",4
"1411",135,"train",4
"1412",136,"train",4
"1413",140,"train",4
"1414",141,"train",4
"1415",142,"train",4
"1416",145,"train",4
"1417",146,"train",4
"1418",147,"train",4
"1419",149,"train",4
"1420",150,"train",4
"1421",151,"train",4
"1422",152,"train",4
"1423",155,"train",4
"1424",157,"train",4
"1425",158,"train",4
"1426",159,"train",4
"1427",160,"train",4
"1428",161,"train",4
"1429",162,"train",4
"1430",163,"train",4
"1431",165,"train",4
"1432",166,"train",4
"1433",167,"train",4
"1434",168,"train",4
"1435",170,"train",4
"1436",171,"train",4
"1437",172,"train",4
"1438",173,"train",4
"1439",174,"train",4
"1440",175,"train",4
"1441",176,"train",4
"1442",177,"train",4
"1443",180,"train",4
"1444",181,"train",4
"1445",182,"train",4
"1446",183,"train",4
"1447",184,"train",4
"1448",185,"train",4
"1449",186,"train",4
"1450",187,"train",4
"1451",188,"train",4
"1452",189,"train",4
"1453",190,"train",4
"1454",192,"train",4
"1455",194,"train",4
"1456",195,"train",4
"1457",196,"train",4
"1458",197,"train",4
"1459",198,"train",4
"1460",199,"train",4
"1461",200,"train",4
"1462",201,"train",4
"1463",202,"train",4
"1464",203,"train",4
"1465",204,"train",4
"1466",205,"train",4
"1467",206,"train",4
"1468",207,"train",4
"1469",209,"train",4
"1470",210,"train",4
"1471",211,"train",4
"1472",212,"train",4
"1473",213,"train",4
"1474",214,"train",4
"1475",217,"train",4
"1476",218,"train",4
"1477",219,"train",4
"1478",221,"train",4
"1479",222,"train",4
"1480",223,"train",4
"1481",224,"train",4
"1482",225,"train",4
"1483",226,"train",4
"1484",227,"train",4
"1485",228,"train",4
"1486",229,"train",4
"1487",230,"train",4
"1488",231,"train",4
"1489",232,"train",4
"1490",234,"train",4
"1491",235,"train",4
"1492",236,"train",4
"1493",237,"train",4
"1494",238,"train",4
"1495",239,"train",4
"1496",240,"train",4
"1497",242,"train",4
"1498",243,"train",4
"1499",244,"train",4
"1500",245,"train",4
"1501",246,"train",4
"1502",248,"train",4
"1503",249,"train",4
"1504",250,"train",4
"1505",251,"train",4
"1506",253,"train",4
"1507",254,"train",4
"1508",255,"train",4
"1509",257,"train",4
"1510",258,"train",4
"1511",259,"train",4
"1512",261,"train",4
"1513",262,"train",4
"1514",264,"train",4
"1515",265,"train",4
"1516",266,"train",4
"1517",267,"train",4
"1518",268,"train",4
"1519",269,"train",4
"1520",270,"train",4
"1521",271,"train",4
"1522",272,"train",4
"1523",273,"train",4
"1524",274,"train",4
"1525",276,"train",4
"1526",277,"train",4
"1527",278,"train",4
"1528",279,"train",4
"1529",280,"train",4
"1530",281,"train",4
"1531",282,"train",4
"1532",283,"train",4
"1533",284,"train",4
"1534",285,"train",4
"1535",286,"train",4
"1536",288,"train",4
"1537",290,"train",4
"1538",291,"train",4
"1539",292,"train",4
"1540",293,"train",4
"1541",295,"train",4
"1542",296,"train",4
"1543",297,"train",4
"1544",298,"train",4
"1545",300,"train",4
"1546",301,"train",4
"1547",302,"train",4
"1548",303,"train",4
"1549",304,"train",4
"1550",305,"train",4
"1551",306,"train",4
"1552",307,"train",4
"1553",308,"train",4
"1554",309,"train",4
"1555",310,"train",4
"1556",311,"train",4
"1557",312,"train",4
"1558",313,"train",4
"1559",314,"train",4
"1560",315,"train",4
"1561",317,"train",4
"1562",318,"train",4
"1563",319,"train",4
"1564",323,"train",4
"1565",324,"train",4
"1566",328,"train",4
"1567",330,"train",4
"1568",332,"train",4
"1569",334,"train",4
"1570",335,"train",4
"1571",337,"train",4
"1572",338,"train",4
"1573",339,"train",4
"1574",340,"train",4
"1575",341,"train",4
"1576",342,"train",4
"1577",343,"train",4
"1578",344,"train",4
"1579",345,"train",4
"1580",346,"train",4
"1581",348,"train",4
"1582",349,"train",4
"1583",351,"train",4
"1584",352,"train",4
"1585",354,"train",4
"1586",355,"train",4
"1587",356,"train",4
"1588",357,"train",4
"1589",358,"train",4
"1590",359,"train",4
"1591",360,"train",4
"1592",361,"train",4
"1593",362,"train",4
"1594",363,"train",4
"1595",364,"train",4
"1596",365,"train",4
"1597",367,"train",4
"1598",368,"train",4
"1599",369,"train",4
"1600",370,"train",4
"1601",371,"train",4
"1602",372,"train",4
"1603",373,"train",4
"1604",374,"train",4
"1605",376,"train",4
"1606",380,"train",4
"1607",381,"train",4
"1608",383,"train",4
"1609",384,"train",4
"1610",385,"train",4
"1611",387,"train",4
"1612",388,"train",4
"1613",389,"train",4
"1614",390,"train",4
"1615",391,"train",4
"1616",393,"train",4
"1617",394,"train",4
"1618",395,"train",4
"1619",396,"train",4
"1620",397,"train",4
"1621",399,"train",4
"1622",400,"train",4
"1623",401,"train",4
"1624",402,"train",4
"1625",404,"train",4
"1626",405,"train",4
"1627",406,"train",4
"1628",407,"train",4
"1629",164,"test",5
"1630",387,"test",5
"1631",108,"test",5
"1632",51,"test",5
"1633",246,"test",5
"1634",159,"test",5
"1635",404,"test",5
"1636",374,"test",5
"1637",330,"test",5
"1638",399,"test",5
"1639",33,"test",5
"1640",1,"test",5
"1641",368,"test",5
"1642",17,"test",5
"1643",45,"test",5
"1644",223,"test",5
"1645",253,"test",5
"1646",7,"test",5
"1647",339,"test",5
"1648",74,"test",5
"1649",131,"test",5
"1650",241,"test",5
"1651",37,"test",5
"1652",69,"test",5
"1653",256,"test",5
"1654",121,"test",5
"1655",296,"test",5
"1656",359,"test",5
"1657",279,"test",5
"1658",23,"test",5
"1659",248,"test",5
"1660",205,"test",5
"1661",180,"test",5
"1662",226,"test",5
"1663",213,"test",5
"1664",283,"test",5
"1665",250,"test",5
"1666",77,"test",5
"1667",68,"test",5
"1668",190,"test",5
"1669",315,"test",5
"1670",304,"val",5
"1671",171,"val",5
"1672",81,"val",5
"1673",293,"val",5
"1674",357,"val",5
"1675",209,"val",5
"1676",132,"val",5
"1677",301,"val",5
"1678",104,"val",5
"1679",394,"val",5
"1680",318,"val",5
"1681",93,"val",5
"1682",356,"val",5
"1683",127,"val",5
"1684",136,"val",5
"1685",353,"val",5
"1686",43,"val",5
"1687",277,"val",5
"1688",228,"val",5
"1689",35,"val",5
"1690",34,"val",5
"1691",107,"val",5
"1692",281,"val",5
"1693",170,"val",5
"1694",257,"val",5
"1695",71,"val",5
"1696",78,"val",5
"1697",321,"val",5
"1698",39,"val",5
"1699",322,"val",5
"1700",162,"val",5
"1701",21,"val",5
"1702",103,"val",5
"1703",242,"val",5
"1704",371,"val",5
"1705",252,"val",5
"1706",317,"val",5
"1707",179,"val",5
"1708",262,"val",5
"1709",115,"val",5
"1710",372,"val",5
"1711",2,"train",5
"1712",3,"train",5
"1713",4,"train",5
"1714",5,"train",5
"1715",6,"train",5
"1716",8,"train",5
"1717",9,"train",5
"1718",10,"train",5
"1719",11,"train",5
"1720",12,"train",5
"1721",13,"train",5
"1722",14,"train",5
"1723",15,"train",5
"1724",16,"train",5
"1725",18,"train",5
"1726",19,"train",5
"1727",20,"train",5
"1728",22,"train",5
"1729",24,"train",5
"1730",25,"train",5
"1731",26,"train",5
"1732",27,"train",5
"1733",28,"train",5
"1734",29,"train",5
"1735",30,"train",5
"1736",31,"train",5
"1737",32,"train",5
"1738",36,"train",5
"1739",38,"train",5
"1740",40,"train",5
"1741",41,"train",5
"1742",42,"train",5
"1743",44,"train",5
"1744",46,"train",5
"1745",47,"train",5
"1746",48,"train",5
"1747",49,"train",5
"1748",50,"train",5
"1749",52,"train",5
"1750",53,"train",5
"1751",54,"train",5
"1752",55,"train",5
"1753",56,"train",5
"1754",57,"train",5
"1755",58,"train",5
"1756",59,"train",5
"1757",60,"train",5
"1758",61,"train",5
"1759",62,"train",5
"1760",63,"train",5
"1761",64,"train",5
"1762",65,"train",5
"1763",66,"train",5
"1764",67,"train",5
"1765",70,"train",5
"1766",72,"train",5
"1767",73,"train",5
"1768",75,"train",5
"1769",76,"train",5
"1770",79,"train",5
"1771",80,"train",5
"1772",82,"train",5
"1773",83,"train",5
"1774",84,"train",5
"1775",85,"train",5
"1776",86,"train",5
"1777",87,"train",5
"1778",88,"train",5
"1779",89,"train",5
"1780",90,"train",5
"1781",91,"train",5
"1782",92,"train",5
"1783",94,"train",5
"1784",95,"train",5
"1785",96,"train",5
"1786",97,"train",5
"1787",98,"train",5
"1788",99,"train",5
"1789",100,"train",5
"1790",101,"train",5
"1791",102,"train",5
"1792",105,"train",5
"1793",106,"train",5
"1794",109,"train",5
"1795",110,"train",5
"1796",111,"train",5
"1797",112,"train",5
"1798",113,"train",5
"1799",114,"train",5
"1800",116,"train",5
"1801",117,"train",5
"1802",118,"train",5
"1803",119,"train",5
"1804",120,"train",5
"1805",122,"train",5
"1806",123,"train",5
"1807",124,"train",5
"1808",125,"train",5
"1809",126,"train",5
"1810",128,"train",5
"1811",129,"train",5
"1812",130,"train",5
"1813",133,"train",5
"1814",134,"train",5
"1815",135,"train",5
"1816",137,"train",5
"1817",138,"train",5
"1818",139,"train",5
"1819",140,"train",5
"1820",141,"train",5
"1821",142,"train",5
"1822",143,"train",5
"1823",144,"train",5
"1824",145,"train",5
"1825",146,"train",5
"1826",147,"train",5
"1827",148,"train",5
"1828",149,"train",5
"1829",150,"train",5
"1830",151,"train",5
"1831",152,"train",5
"1832",153,"train",5
"1833",154,"train",5
"1834",155,"train",5
"1835",156,"train",5
"1836",157,"train",5
"1837",158,"train",5
"1838",160,"train",5
"1839",161,"train",5
"1840",163,"train",5
"1841",165,"train",5
"1842",166,"train",5
"1843",167,"train",5
"1844",168,"train",5
"1845",169,"train",5
"1846",172,"train",5
"1847",173,"train",5
"1848",174,"train",5
"1849",175,"train",5
"1850",176,"train",5
"1851",177,"train",5
"1852",178,"train",5
"1853",181,"train",5
"1854",182,"train",5
"1855",183,"train",5
"1856",184,"train",5
"1857",185,"train",5
"1858",186,"train",5
"1859",187,"train",5
"1860",188,"train",5
"1861",189,"train",5
"1862",191,"train",5
"1863",192,"train",5
"1864",193,"train",5
"1865",194,"train",5
"1866",195,"train",5
"1867",196,"train",5
"1868",197,"train",5
"1869",198,"train",5
"1870",199,"train",5
"1871",200,"train",5
"1872",201,"train",5
"1873",202,"train",5
"1874",203,"train",5
"1875",204,"train",5
"1876",206,"train",5
"1877",207,"train",5
"1878",208,"train",5
"1879",210,"train",5
"1880",211,"train",5
"1881",212,"train",5
"1882",214,"train",5
"1883",215,"train",5
"1884",216,"train",5
"1885",217,"train",5
"1886",218,"train",5
"1887",219,"train",5
"1888",220,"train",5
"1889",221,"train",5
"1890",222,"train",5
"1891",224,"train",5
"1892",225,"train",5
"1893",227,"train",5
"1894",229,"train",5
"1895",230,"train",5
"1896",231,"train",5
"1897",232,"train",5
"1898",233,"train",5
"1899",234,"train",5
"1900",235,"train",5
"1901",236,"train",5
"1902",237,"train",5
"1903",238,"train",5
"1904",239,"train",5
"1905",240,"train",5
"1906",243,"train",5
"1907",244,"train",5
"1908",245,"train",5
"1909",247,"train",5
"1910",249,"train",5
"1911",251,"train",5
"1912",254,"train",5
"1913",255,"train",5
"1914",258,"train",5
"1915",259,"train",5
"1916",260,"train",5
"1917",261,"train",5
"1918",263,"train",5
"1919",264,"train",5
"1920",265,"train",5
"1921",266,"train",5
"1922",267,"train",5
"1923",268,"train",5
"1924",269,"train",5
"1925",270,"train",5
"1926",271,"train",5
"1927",272,"train",5
"1928",273,"train",5
"1929",274,"train",5
"1930",275,"train",5
"1931",276,"train",5
"1932",278,"train",5
"1933",280,"train",5
"1934",282,"train",5
"1935",284,"train",5
"1936",285,"train",5
"1937",286,"train",5
"1938",287,"train",5
"1939",288,"train",5
"1940",289,"train",5
"1941",290,"train",5
"1942",291,"train",5
"1943",292,"train",5
"1944",294,"train",5
"1945",295,"train",5
"1946",297,"train",5
"1947",298,"train",5
"1948",299,"train",5
"1949",300,"train",5
"1950",302,"train",5
"1951",303,"train",5
"1952",305,"train",5
"1953",306,"train",5
"1954",307,"train",5
"1955",308,"train",5
"1956",309,"train",5
"1957",310,"train",5
"1958",311,"train",5
"1959",312,"train",5
"1960",313,"train",5
"1961",314,"train",5
"1962",316,"train",5
"1963",319,"train",5
"1964",320,"train",5
"1965",323,"train",5
"1966",324,"train",5
"1967",325,"train",5
"1968",326,"train",5
"1969",327,"train",5
"1970",328,"train",5
"1971",329,"train",5
"1972",331,"train",5
"1973",332,"train",5
"1974",333,"train",5
"1975",334,"train",5
"1976",335,"train",5
"1977",336,"train",5
"1978",337,"train",5
"1979",338,"train",5
"1980",340,"train",5
"1981",341,"train",5
"1982",342,"train",5
"1983",343,"train",5
"1984",344,"train",5
"1985",345,"train",5
"1986",346,"train",5
"1987",347,"train",5
"1988",348,"train",5
"1989",349,"train",5
"1990",350,"train",5
"1991",351,"train",5
"1992",352,"train",5
"1993",354,"train",5
"1994",355,"train",5
"1995",358,"train",5
"1996",360,"train",5
"1997",361,"train",5
"1998",362,"train",5
"1999",363,"train",5
"2000",364,"train",5
"2001",365,"train",5
"2002",366,"train",5
"2003",367,"train",5
"2004",369,"train",5
"2005",370,"train",5
"2006",373,"train",5
"2007",375,"train",5
"2008",376,"train",5
"2009",377,"train",5
"2010",378,"train",5
"2011",379,"train",5
"2012",380,"train",5
"2013",381,"train",5
"2014",382,"train",5
"2015",383,"train",5
"2016",384,"train",5
"2017",385,"train",5
"2018",386,"train",5
"2019",388,"train",5
"2020",389,"train",5
"2021",390,"train",5
"2022",391,"train",5
"2023",392,"train",5
"2024",393,"train",5
"2025",395,"train",5
"2026",396,"train",5
"2027",397,"train",5
"2028",398,"train",5
"2029",400,"train",5
"2030",401,"train",5
"2031",402,"train",5
"2032",403,"train",5
"2033",405,"train",5
"2034",406,"train",5
"2035",407,"train",5
"2036",372,"test",6
"2037",284,"test",6
"2038",298,"test",6
"2039",203,"test",6
"2040",292,"test",6
"2041",373,"test",6
"2042",88,"test",6
"2043",31,"test",6
"2044",26,"test",6
"2045",379,"test",6
"2046",86,"test",6
"2047",173,"test",6
"2048",343,"test",6
"2049",342,"test",6
"2050",235,"test",6
"2051",214,"test",6
"2052",146,"test",6
"2053",319,"test",6
"2054",227,"test",6
"2055",341,"test",6
"2056",93,"test",6
"2057",350,"test",6
"2058",149,"test",6
"2059",106,"test",6
"2060",133,"test",6
"2061",324,"test",6
"2062",70,"test",6
"2063",113,"test",6
"2064",359,"test",6
"2065",191,"test",6
"2066",385,"test",6
"2067",179,"test",6
"2068",20,"test",6
"2069",356,"test",6
"2070",269,"test",6
"2071",76,"test",6
"2072",108,"test",6
"2073",216,"test",6
"2074",100,"test",6
"2075",382,"test",6
"2076",293,"test",6
"2077",223,"val",6
"2078",384,"val",6
"2079",165,"val",6
"2080",358,"val",6
"2081",313,"val",6
"2082",238,"val",6
"2083",205,"val",6
"2084",153,"val",6
"2085",328,"val",6
"2086",369,"val",6
"2087",138,"val",6
"2088",352,"val",6
"2089",200,"val",6
"2090",306,"val",6
"2091",13,"val",6
"2092",258,"val",6
"2093",21,"val",6
"2094",303,"val",6
"2095",255,"val",6
"2096",170,"val",6
"2097",241,"val",6
"2098",273,"val",6
"2099",323,"val",6
"2100",230,"val",6
"2101",77,"val",6
"2102",402,"val",6
"2103",62,"val",6
"2104",99,"val",6
"2105",34,"val",6
"2106",114,"val",6
"2107",274,"val",6
"2108",174,"val",6
"2109",130,"val",6
"2110",69,"val",6
"2111",164,"val",6
"2112",396,"val",6
"2113",161,"val",6
"2114",25,"val",6
"2115",72,"val",6
"2116",30,"val",6
"2117",57,"val",6
"2118",1,"train",6
"2119",2,"train",6
"2120",3,"train",6
"2121",4,"train",6
"2122",5,"train",6
"2123",6,"train",6
"2124",7,"train",6
"2125",8,"train",6
"2126",9,"train",6
"2127",10,"train",6
"2128",11,"train",6
"2129",12,"train",6
"2130",14,"train",6
"2131",15,"train",6
"2132",16,"train",6
"2133",17,"train",6
"2134",18,"train",6
"2135",19,"train",6
"2136",22,"train",6
"2137",23,"train",6
"2138",24,"train",6
"2139",27,"train",6
"2140",28,"train",6
"2141",29,"train",6
"2142",32,"train",6
"2143",33,"train",6
"2144",35,"train",6
"2145",36,"train",6
"2146",37,"train",6
"2147",38,"train",6
"2148",39,"train",6
"2149",40,"train",6
"2150",41,"train",6
"2151",42,"train",6
"2152",43,"train",6
"2153",44,"train",6
"2154",45,"train",6
"2155",46,"train",6
"2156",47,"train",6
"2157",48,"train",6
"2158",49,"train",6
"2159",50,"train",6
"2160",51,"train",6
"2161",52,"train",6
"2162",53,"train",6
"2163",54,"train",6
"2164",55,"train",6
"2165",56,"train",6
"2166",58,"train",6
"2167",59,"train",6
"2168",60,"train",6
"2169",61,"train",6
"2170",63,"train",6
"2171",64,"train",6
"2172",65,"train",6
"2173",66,"train",6
"2174",67,"train",6
"2175",68,"train",6
"2176",71,"train",6
"2177",73,"train",6
"2178",74,"train",6
"2179",75,"train",6
"2180",78,"train",6
"2181",79,"train",6
"2182",80,"train",6
"2183",81,"train",6
"2184",82,"train",6
"2185",83,"train",6
"2186",84,"train",6
"2187",85,"train",6
"2188",87,"train",6
"2189",89,"train",6
"2190",90,"train",6
"2191",91,"train",6
"2192",92,"train",6
"2193",94,"train",6
"2194",95,"train",6
"2195",96,"train",6
"2196",97,"train",6
"2197",98,"train",6
"2198",101,"train",6
"2199",102,"train",6
"2200",103,"train",6
"2201",104,"train",6
"2202",105,"train",6
"2203",107,"train",6
"2204",109,"train",6
"2205",110,"train",6
"2206",111,"train",6
"2207",112,"train",6
"2208",115,"train",6
"2209",116,"train",6
"2210",117,"train",6
"2211",118,"train",6
"2212",119,"train",6
"2213",120,"train",6
"2214",121,"train",6
"2215",122,"train",6
"2216",123,"train",6
"2217",124,"train",6
"2218",125,"train",6
"2219",126,"train",6
"2220",127,"train",6
"2221",128,"train",6
"2222",129,"train",6
"2223",131,"train",6
"2224",132,"train",6
"2225",134,"train",6
"2226",135,"train",6
"2227",136,"train",6
"2228",137,"train",6
"2229",139,"train",6
"2230",140,"train",6
"2231",141,"train",6
"2232",142,"train",6
"2233",143,"train",6
"2234",144,"train",6
"2235",145,"train",6
"2236",147,"train",6
"2237",148,"train",6
"2238",150,"train",6
"2239",151,"train",6
"2240",152,"train",6
"2241",154,"train",6
"2242",155,"train",6
"2243",156,"train",6
"2244",157,"train",6
"2245",158,"train",6
"2246",159,"train",6
"2247",160,"train",6
"2248",162,"train",6
"2249",163,"train",6
"2250",166,"train",6
"2251",167,"train",6
"2252",168,"train",6
"2253",169,"train",6
"2254",171,"train",6
"2255",172,"train",6
"2256",175,"train",6
"2257",176,"train",6
"2258",177,"train",6
"2259",178,"train",6
"2260",180,"train",6
"2261",181,"train",6
"2262",182,"train",6
"2263",183,"train",6
"2264",184,"train",6
"2265",185,"train",6
"2266",186,"train",6
"2267",187,"train",6
"2268",188,"train",6
"2269",189,"train",6
"2270",190,"train",6
"2271",192,"train",6
"2272",193,"train",6
"2273",194,"train",6
"2274",195,"train",6
"2275",196,"train",6
"2276",197,"train",6
"2277",198,"train",6
"2278",199,"train",6
"2279",201,"train",6
"2280",202,"train",6
"2281",204,"train",6
"2282",206,"train",6
"2283",207,"train",6
"2284",208,"train",6
"2285",209,"train",6
"2286",210,"train",6
"2287",211,"train",6
"2288",212,"train",6
"2289",213,"train",6
"2290",215,"train",6
"2291",217,"train",6
"2292",218,"train",6
"2293",219,"train",6
"2294",220,"train",6
"2295",221,"train",6
"2296",222,"train",6
"2297",224,"train",6
"2298",225,"train",6
"2299",226,"train",6
"2300",228,"train",6
"2301",229,"train",6
"2302",231,"train",6
"2303",232,"train",6
"2304",233,"train",6
"2305",234,"train",6
"2306",236,"train",6
"2307",237,"train",6
"2308",239,"train",6
"2309",240,"train",6
"2310",242,"train",6
"2311",243,"train",6
"2312",244,"train",6
"2313",245,"train",6
"2314",246,"train",6
"2315",247,"train",6
"2316",248,"train",6
"2317",249,"train",6
"2318",250,"train",6
"2319",251,"train",6
"2320",252,"train",6
"2321",253,"train",6
"2322",254,"train",6
"2323",256,"train",6
"2324",257,"train",6
"2325",259,"train",6
"2326",260,"train",6
"2327",261,"train",6
"2328",262,"train",6
"2329",263,"train",6
"2330",264,"train",6
"2331",265,"train",6
"2332",266,"train",6
"2333",267,"train",6
"2334",268,"train",6
"2335",270,"train",6
"2336",271,"train",6
"2337",272,"train",6
"2338",275,"train",6
"2339",276,"train",6
"2340",277,"train",6
"2341",278,"train",6
"2342",279,"train",6
"2343",280,"train",6
"2344",281,"train",6
"2345",282,"train",6
"2346",283,"train",6
"2347",285,"train",6
"2348",286,"train",6
"2349",287,"train",6
"2350",288,"train",6
"2351",289,"train",6
"2352",290,"train",6
"2353",291,"train",6
"2354",294,"train",6
"2355",295,"train",6
"2356",296,"train",6
"2357",297,"train",6
"2358",299,"train",6
"2359",300,"train",6
"2360",301,"train",6
"2361",302,"train",6
"2362",304,"train",6
"2363",305,"train",6
"2364",307,"train",6
"2365",308,"train",6
"2366",309,"train",6
"2367",310,"train",6
"2368",311,"train",6
"2369",312,"train",6
"2370",314,"train",6
"2371",315,"train",6
"2372",316,"train",6
"2373",317,"train",6
"2374",318,"train",6
"2375",320,"train",6
"2376",321,"train",6
"2377",322,"train",6
"2378",325,"train",6
"2379",326,"train",6
"2380",327,"train",6
"2381",329,"train",6
"2382",330,"train",6
"2383",331,"train",6
"2384",332,"train",6
"2385",333,"train",6
"2386",334,"train",6
"2387",335,"train",6
"2388",336,"train",6
"2389",337,"train",6
"2390",338,"train",6
"2391",339,"train",6
"2392",340,"train",6
"2393",344,"train",6
"2394",345,"train",6
"2395",346,"train",6
"2396",347,"train",6
"2397",348,"train",6
"2398",349,"train",6
"2399",351,"train",6
"2400",353,"train",6
"2401",354,"train",6
"2402",355,"train",6
"2403",357,"train",6
"2404",360,"train",6
"2405",361,"train",6
"2406",362,"train",6
"2407",363,"train",6
"2408",364,"train",6
"2409",365,"train",6
"2410",366,"train",6
"2411",367,"train",6
"2412",368,"train",6
"2413",370,"train",6
"2414",371,"train",6
"2415",374,"train",6
"2416",375,"train",6
"2417",376,"train",6
"2418",377,"train",6
"2419",378,"train",6
"2420",380,"train",6
"2421",381,"train",6
"2422",383,"train",6
"2423",386,"train",6
"2424",387,"train",6
"2425",388,"train",6
"2426",389,"train",6
"2427",390,"train",6
"2428",391,"train",6
"2429",392,"train",6
"2430",393,"train",6
"2431",394,"train",6
"2432",395,"train",6
"2433",397,"train",6
"2434",398,"train",6
"2435",399,"train",6
"2436",400,"train",6
"2437",401,"train",6
"2438",403,"train",6
"2439",404,"train",6
"2440",405,"train",6
"2441",406,"train",6
"2442",407,"train",6
